Nama Produk,Harga,Link,Gambar
JBL SPEAKER AKTIF PARTY BOX 110 JBL-PARTYBOX110AS,5.999.000,https://myhartono.com/en/jbl-speaker-aktif-party-box-110-jbl-partybox110as/,https://s3.ap-southeast-3.amazonaws.com/hartono-mh1/images/detailed/391/JBL-PARTYBOX110AS.webp
JBL SPEAKER AKTIF PARTY BOX ENCORE,5.699.000,https://myhartono.com/en/jbl-speaker-aktif-party-box-encore/,https://s3.ap-southeast-3.amazonaws.com/hartono-mh1/images/detailed/379/JBL-PBENCORE2MICAS.jpg
JBL SPEAKER AKTIF PARTYBOX 310,7.599.000,https://myhartono.com/en/jbl-speaker-aktif-partybox-310/,https://s3.ap-southeast-3.amazonaws.com/hartono-mh1/images/detailed/346/JBLPARTYBOX310AS_P.jpg
JBL SPEAKER AKTIF PARTY BOX 110 JBL-PARTYBOX110AS,5.999.000,https://myhartono.com/en/jbl-speaker-aktif-party-box-110-jbl-partybox110as/,https://s3.ap-southeast-3.amazonaws.com/hartono-mh1/images/detailed/391/JBL-PARTYBOX110AS.webp
JBL SPEAKER AKTIF PARTY BOX ENCORE,5.699.000,https://myhartono.com/en/jbl-speaker-aktif-party-box-encore/,https://s3.ap-southeast-3.amazonaws.com/hartono-mh1/images/detailed/379/JBL-PBENCORE2MICAS.jpg
JBL SPEAKER AKTIF PARTYBOX 310,7.599.000,https://myhartono.com/en/jbl-speaker-aktif-partybox-310/,https://s3.ap-southeast-3.amazonaws.com/hartono-mh1/images/detailed/346/JBLPARTYBOX310AS_P.jpg
JBL SPEAKER AKTIF PARTY BOX 110 JBL-PARTYBOX110AS,5.999.000,https://myhartono.com/en/jbl-speaker-aktif-party-box-110-jbl-partybox110as/,https://s3.ap-southeast-3.amazonaws.com/hartono-mh1/images/detailed/391/JBL-PARTYBOX110AS.webp
JBL SPEAKER AKTIF PARTY BOX ENCORE,5.699.000,https://myhartono.com/en/jbl-speaker-aktif-party-box-encore/,https://s3.ap-southeast-3.amazonaws.com/hartono-mh1/images/detailed/379/JBL-PBENCORE2MICAS.jpg
JBL SPEAKER AKTIF PARTYBOX 310,7.599.000,https://myhartono.com/en/jbl-speaker-aktif-partybox-310/,https://s3.ap-southeast-3.amazonaws.com/hartono-mh1/images/detailed/346/JBLPARTYBOX310AS_P.jpg
JBL SPEAKER AKTIF PARTY BOX 110 JBL-PARTYBOX110AS,5.999.000,https://myhartono.com/en/jbl-speaker-aktif-party-box-110-jbl-partybox110as/,https://s3.ap-southeast-3.amazonaws.com/hartono-mh1/images/detailed/391/JBL-PARTYBOX110AS.webp
JBL SPEAKER AKTIF PARTY BOX ENCORE,5.699.000,https://myhartono.com/en/jbl-speaker-aktif-party-box-encore/,https://s3.ap-southeast-3.amazonaws.com/hartono-mh1/images/detailed/379/JBL-PBENCORE2MICAS.jpg
JBL SPEAKER AKTIF PARTYBOX 310,7.599.000,https://myhartono.com/en/jbl-speaker-aktif-partybox-310/,https://s3.ap-southeast-3.amazonaws.com/hartono-mh1/images/detailed/346/JBLPARTYBOX310AS_P.jpg
JBL SPEAKER AKTIF PARTY BOX 110 JBL-PARTYBOX110AS,5.999.000,https://myhartono.com/en/jbl-speaker-aktif-party-box-110-jbl-partybox110as/,https://s3.ap-southeast-3.amazonaws.com/hartono-mh1/images/detailed/391/JBL-PARTYBOX110AS.webp
JBL SPEAKER AKTIF PARTY BOX ENCORE,5.699.000,https://myhartono.com/en/jbl-speaker-aktif-party-box-encore/,https://s3.ap-southeast-3.amazonaws.com/hartono-mh1/images/detailed/379/JBL-PBENCORE2MICAS.jpg
JBL SPEAKER AKTIF PARTYBOX 310,7.599.000,https://myhartono.com/en/jbl-speaker-aktif-partybox-310/,https://s3.ap-southeast-3.amazonaws.com/hartono-mh1/images/detailed/346/JBLPARTYBOX310AS_P.jpg
JBL SPEAKER AKTIF PARTY BOX 110 JBL-PARTYBOX110AS,5.999.000,https://myhartono.com/en/jbl-speaker-aktif-party-box-110-jbl-partybox110as/,https://s3.ap-southeast-3.amazonaws.com/hartono-mh1/images/detailed/391/JBL-PARTYBOX110AS.webp
JBL SPEAKER AKTIF PARTY BOX ENCORE,5.699.000,https://myhartono.com/en/jbl-speaker-aktif-party-box-encore/,https://s3.ap-southeast-3.amazonaws.com/hartono-mh1/images/detailed/379/JBL-PBENCORE2MICAS.jpg
JBL SPEAKER AKTIF PARTYBOX 310,7.599.000,https://myhartono.com/en/jbl-speaker-aktif-partybox-310/,https://s3.ap-southeast-3.amazonaws.com/hartono-mh1/images/detailed/346/JBLPARTYBOX310AS_P.jpg
JBL SPEAKER AKTIF PARTY BOX 110 JBL-PARTYBOX110AS,5.999.000,https://myhartono.com/en/jbl-speaker-aktif-party-box-110-jbl-partybox110as/,https://s3.ap-southeast-3.amazonaws.com/hartono-mh1/images/detailed/391/JBL-PARTYBOX110AS.webp
JBL SPEAKER AKTIF PARTY BOX ENCORE,5.699.000,https://myhartono.com/en/jbl-speaker-aktif-party-box-encore/,https://s3.ap-southeast-3.amazonaws.com/hartono-mh1/images/detailed/379/JBL-PBENCORE2MICAS.jpg
JBL SPEAKER AKTIF PARTYBOX 310,7.599.000,https://myhartono.com/en/jbl-speaker-aktif-partybox-310/,https://s3.ap-southeast-3.amazonaws.com/hartono-mh1/images/detailed/346/JBLPARTYBOX310AS_P.jpg
JBL SPEAKER AKTIF PARTY BOX 110 JBL-PARTYBOX110AS,5.999.000,https://myhartono.com/en/jbl-speaker-aktif-party-box-110-jbl-partybox110as/,https://s3.ap-southeast-3.amazonaws.com/hartono-mh1/images/detailed/391/JBL-PARTYBOX110AS.webp
JBL SPEAKER AKTIF PARTY BOX ENCORE,5.699.000,https://myhartono.com/en/jbl-speaker-aktif-party-box-encore/,https://s3.ap-southeast-3.amazonaws.com/hartono-mh1/images/detailed/379/JBL-PBENCORE2MICAS.jpg
JBL SPEAKER AKTIF PARTYBOX 310,7.599.000,https://myhartono.com/en/jbl-speaker-aktif-partybox-310/,https://s3.ap-southeast-3.amazonaws.com/hartono-mh1/images/detailed/346/JBLPARTYBOX310AS_P.jpg
JBL SPEAKER AKTIF PARTY BOX 110 JBL-PARTYBOX110AS,5.999.000,https://myhartono.com/en/jbl-speaker-aktif-party-box-110-jbl-partybox110as/,https://s3.ap-southeast-3.amazonaws.com/hartono-mh1/images/detailed/391/JBL-PARTYBOX110AS.webp
JBL SPEAKER AKTIF PARTY BOX ENCORE,5.699.000,https://myhartono.com/en/jbl-speaker-aktif-party-box-encore/,https://s3.ap-southeast-3.amazonaws.com/hartono-mh1/images/detailed/379/JBL-PBENCORE2MICAS.jpg
JBL SPEAKER AKTIF PARTYBOX 310,7.599.000,https://myhartono.com/en/jbl-speaker-aktif-partybox-310/,https://s3.ap-southeast-3.amazonaws.com/hartono-mh1/images/detailed/346/JBLPARTYBOX310AS_P.jpg
JBL SPEAKER AKTIF PARTY BOX 110 JBL-PARTYBOX110AS,5.999.000,https://myhartono.com/en/jbl-speaker-aktif-party-box-110-jbl-partybox110as/,https://s3.ap-southeast-3.amazonaws.com/hartono-mh1/images/detailed/391/JBL-PARTYBOX110AS.webp
JBL SPEAKER AKTIF PARTY BOX ENCORE,5.699.000,https://myhartono.com/en/jbl-speaker-aktif-party-box-encore/,https://s3.ap-southeast-3.amazonaws.com/hartono-mh1/images/detailed/379/JBL-PBENCORE2MICAS.jpg
JBL SPEAKER AKTIF PARTYBOX 310,7.599.000,https://myhartono.com/en/jbl-speaker-aktif-partybox-310/,https://s3.ap-southeast-3.amazonaws.com/hartono-mh1/images/detailed/346/JBLPARTYBOX310AS_P.jpg
